{
    "aaaacs": 32.80195140838628,
    "": 27.405065059661876,
    "a": 30.425333309173634,
    "anthon": 146.42839517593157,
    "kkkkkkkkkkkkkkkkkkkkkkkkkkkkkk": 43.618513393402246
}