{
    "aaaacs": 32.80195140838628,
    "": 57.519525814056486,
    "a": 21.962417125701904,
    "anthon": 215.68077106475224,
    "kkkkkkkkkkkkkkkkkkkkkkkkkkkkkk": 43.618513393402246,
    "epwqenfoko": 270.4886724472037,
    "julina": 78.99456529617285,
    "ggdfd": 41.250049209594664,
    "AS": 22.20136127471924,
    "asdasdasdasd": 125.81449251174854,
    "asdasd": 46.2638555526735,
    "eu": 28.988513755798387,
    "aa": 25.50253915786747,
    "asdasdsss": 23.725135993957533,
    "qwe": 46.207185840606975,
    "efw": 57.176124572754006,
    "mauricio": 30.44478130340579
}