{
    "aaaacs": 32.80195140838628,
    "": 21.48118391036988,
    "a": 30.425333309173634,
    "anthon": 36.04613161087049,
    "kkkkkkkkkkkkkkkkkkkkkkkkkkkkkk": 43.618513393402246,
    "epwqenfoko": 270.4886724472037,
    "julina": 78.99456529617285,
    "ggdfd": 41.250049209594664
}