{
    "aaaacs": 32.80195140838628,
    "": 57.45962896347033,
    "a": 30.425333309173634,
    "anthon": 146.42839517593157,
    "kkkkkkkkkkkkkkkkkkkkkkkkkkkkkk": 43.618513393402246,
    "epwqenfoko": 270.4886724472037,
    "julina": 78.99456529617285,
    "ggdfd": 41.250049209594664
}