{
    "aaaacs": 32.80195140838628,
    "": 49.424769783020245,
    "a": 30.425333309173634,
    "anthon": 36.04613161087049,
    "kkkkkkkkkkkkkkkkkkkkkkkkkkkkkk": 43.618513393402246,
    "epwqenfoko": 270.4886724472037,
    "julina": 78.99456529617285,
    "ggdfd": 41.250049209594664,
    "AS": 22.20136127471924,
    "asdasdasdasd": 125.81449251174854,
    "asdasd": 46.2638555526735,
    "eu": 28.988513755798387,
    "aa": 25.50253915786747
}