{
    "": 35.95376405715931,
    "Mauricio": 50.30960006713869,
    "gdfgfdgfr": 85.85503597259563
}