{
    "": 53.91285333633435,
    "Mauricio": 50.30960006713869,
    "gdfgfdgfr": 85.85503597259563
}